index,nama,tipe,image
001,Bulbasaur,Grass,https://img.pokemondb.net/sprites/sun-moon/icon/bulbasaur.png
002,Ivysaur,Grass,https://img.pokemondb.net/sprites/sun-moon/icon/ivysaur.png
003,Venusaur,Grass,https://img.pokemondb.net/sprites/sun-moon/icon/venusaur.png
003,Venusaur,Grass,https://img.pokemondb.net/sprites/sun-moon/icon/venusaur-mega.png
004,Charmander,Fire,https://img.pokemondb.net/sprites/sun-moon/icon/charmander.png
005,Charmeleon,Fire,https://img.pokemondb.net/sprites/sun-moon/icon/charmeleon.png
006,Charizard,Fire,https://img.pokemondb.net/sprites/sun-moon/icon/charizard.png
006,Charizard,Fire,https://img.pokemondb.net/sprites/sun-moon/icon/charizard-mega-x.png
006,Charizard,Fire,https://img.pokemondb.net/sprites/sun-moon/icon/charizard-mega-y.png
007,Squirtle,Water,https://img.pokemondb.net/sprites/sun-moon/icon/squirtle.png
008,Wartortle,Water,https://img.pokemondb.net/sprites/sun-moon/icon/wartortle.png
009,Blastoise,Water,https://img.pokemondb.net/sprites/sun-moon/icon/blastoise.png
009,Blastoise,Water,https://img.pokemondb.net/sprites/sun-moon/icon/blastoise-mega.png
010,Caterpie,Bug,https://img.pokemondb.net/sprites/sun-moon/icon/caterpie.png
011,Metapod,Bug,https://img.pokemondb.net/sprites/sun-moon/icon/metapod.png
012,Butterfree,Bug,https://img.pokemondb.net/sprites/sun-moon/icon/butterfree.png
013,Weedle,Bug,https://img.pokemondb.net/sprites/sun-moon/icon/weedle.png
014,Kakuna,Bug,https://img.pokemondb.net/sprites/sun-moon/icon/kakuna.png
015,Beedrill,Bug,https://img.pokemondb.net/sprites/sun-moon/icon/beedrill.png
015,Beedrill,Bug,https://img.pokemondb.net/sprites/sun-moon/icon/beedrill-mega.png
016,Pidgey,Normal,https://img.pokemondb.net/sprites/sun-moon/icon/pidgey.png
017,Pidgeotto,Normal,https://img.pokemondb.net/sprites/sun-moon/icon/pidgeotto.png
018,Pidgeot,Normal,https://img.pokemondb.net/sprites/sun-moon/icon/pidgeot.png
018,Pidgeot,Normal,https://img.pokemondb.net/sprites/sun-moon/icon/pidgeot-mega.png
019,Rattata,Normal,https://img.pokemondb.net/sprites/sun-moon/icon/rattata.png
019,Rattata,Dark,https://img.pokemondb.net/sprites/sun-moon/icon/rattata-alolan.png
020,Raticate,Normal,https://img.pokemondb.net/sprites/sun-moon/icon/raticate.png
020,Raticate,Dark,https://img.pokemondb.net/sprites/sun-moon/icon/raticate-alolan.png
021,Spearow,Normal,https://img.pokemondb.net/sprites/sun-moon/icon/spearow.png
022,Fearow,Normal,https://img.pokemondb.net/sprites/sun-moon/icon/fearow.png
023,Ekans,Poison,https://img.pokemondb.net/sprites/sun-moon/icon/ekans.png
024,Arbok,Poison,https://img.pokemondb.net/sprites/sun-moon/icon/arbok.png
025,Pikachu,Electric,https://img.pokemondb.net/sprites/sun-moon/icon/pikachu.png
025,Pikachu,Electric,https://img.pokemondb.net/sprites/sun-moon/icon/pikachu-lets-go.png
026,Raichu,Electric,https://img.pokemondb.net/sprites/sun-moon/icon/raichu.png
026,Raichu,Electric,https://img.pokemondb.net/sprites/sun-moon/icon/raichu-alolan.png
027,Sandshrew,Ground,https://img.pokemondb.net/sprites/sun-moon/icon/sandshrew.png
027,Sandshrew,Ice,https://img.pokemondb.net/sprites/sun-moon/icon/sandshrew-alolan.png
028,Sandslash,Ground,https://img.pokemondb.net/sprites/sun-moon/icon/sandslash.png
028,Sandslash,Ice,https://img.pokemondb.net/sprites/sun-moon/icon/sandslash-alolan.png
029,Nidoran♀,Poison,https://img.pokemondb.net/sprites/sun-moon/icon/nidoran-f.png
030,Nidorina,Poison,https://img.pokemondb.net/sprites/sun-moon/icon/nidorina.png
031,Nidoqueen,Poison,https://img.pokemondb.net/sprites/sun-moon/icon/nidoqueen.png
032,Nidoran♂,Poison,https://img.pokemondb.net/sprites/sun-moon/icon/nidoran-m.png
033,Nidorino,Poison,https://img.pokemondb.net/sprites/sun-moon/icon/nidorino.png
034,Nidoking,Poison,https://img.pokemondb.net/sprites/sun-moon/icon/nidoking.png
035,Clefairy,Fairy,https://img.pokemondb.net/sprites/sun-moon/icon/clefairy.png
036,Clefable,Fairy,https://img.pokemondb.net/sprites/sun-moon/icon/clefable.png
037,Vulpix,Fire,https://img.pokemondb.net/sprites/sun-moon/icon/vulpix.png
037,Vulpix,Ice,https://img.pokemondb.net/sprites/sun-moon/icon/vulpix-alolan.png
038,Ninetales,Fire,https://img.pokemondb.net/sprites/sun-moon/icon/ninetales.png
038,Ninetales,Ice,https://img.pokemondb.net/sprites/sun-moon/icon/ninetales-alolan.png
039,Jigglypuff,Normal,https://img.pokemondb.net/sprites/sun-moon/icon/jigglypuff.png
040,Wigglytuff,Normal,https://img.pokemondb.net/sprites/sun-moon/icon/wigglytuff.png
041,Zubat,Poison,https://img.pokemondb.net/sprites/sun-moon/icon/zubat.png
042,Golbat,Poison,https://img.pokemondb.net/sprites/sun-moon/icon/golbat.png
043,Oddish,Grass,https://img.pokemondb.net/sprites/sun-moon/icon/oddish.png
044,Gloom,Grass,https://img.pokemondb.net/sprites/sun-moon/icon/gloom.png
045,Vileplume,Grass,https://img.pokemondb.net/sprites/sun-moon/icon/vileplume.png
046,Paras,Bug,https://img.pokemondb.net/sprites/sun-moon/icon/paras.png
047,Parasect,Bug,https://img.pokemondb.net/sprites/sun-moon/icon/parasect.png
048,Venonat,Bug,https://img.pokemondb.net/sprites/sun-moon/icon/venonat.png
049,Venomoth,Bug,https://img.pokemondb.net/sprites/sun-moon/icon/venomoth.png
050,Diglett,Ground,https://img.pokemondb.net/sprites/sun-moon/icon/diglett.png
050,Diglett,Ground,https://img.pokemondb.net/sprites/sun-moon/icon/diglett-alolan.png
051,Dugtrio,Ground,https://img.pokemondb.net/sprites/sun-moon/icon/dugtrio.png
051,Dugtrio,Ground,https://img.pokemondb.net/sprites/sun-moon/icon/dugtrio-alolan.png
052,Meowth,Normal,https://img.pokemondb.net/sprites/sun-moon/icon/meowth.png
052,Meowth,Dark,https://img.pokemondb.net/sprites/sun-moon/icon/meowth-alolan.png
053,Persian,Normal,https://img.pokemondb.net/sprites/sun-moon/icon/persian.png
053,Persian,Dark,https://img.pokemondb.net/sprites/sun-moon/icon/persian-alolan.png
054,Psyduck,Water,https://img.pokemondb.net/sprites/sun-moon/icon/psyduck.png
055,Golduck,Water,https://img.pokemondb.net/sprites/sun-moon/icon/golduck.png
056,Mankey,Fighting,https://img.pokemondb.net/sprites/sun-moon/icon/mankey.png
057,Primeape,Fighting,https://img.pokemondb.net/sprites/sun-moon/icon/primeape.png
058,Growlithe,Fire,https://img.pokemondb.net/sprites/sun-moon/icon/growlithe.png
059,Arcanine,Fire,https://img.pokemondb.net/sprites/sun-moon/icon/arcanine.png
060,Poliwag,Water,https://img.pokemondb.net/sprites/sun-moon/icon/poliwag.png
061,Poliwhirl,Water,https://img.pokemondb.net/sprites/sun-moon/icon/poliwhirl.png
062,Poliwrath,Water,https://img.pokemondb.net/sprites/sun-moon/icon/poliwrath.png
063,Abra,Psychic,https://img.pokemondb.net/sprites/sun-moon/icon/abra.png
064,Kadabra,Psychic,https://img.pokemondb.net/sprites/sun-moon/icon/kadabra.png
065,Alakazam,Psychic,https://img.pokemondb.net/sprites/sun-moon/icon/alakazam.png
065,Alakazam,Psychic,https://img.pokemondb.net/sprites/sun-moon/icon/alakazam-mega.png
066,Machop,Fighting,https://img.pokemondb.net/sprites/sun-moon/icon/machop.png
067,Machoke,Fighting,https://img.pokemondb.net/sprites/sun-moon/icon/machoke.png
068,Machamp,Fighting,https://img.pokemondb.net/sprites/sun-moon/icon/machamp.png
069,Bellsprout,Grass,https://img.pokemondb.net/sprites/sun-moon/icon/bellsprout.png
070,Weepinbell,Grass,https://img.pokemondb.net/sprites/sun-moon/icon/weepinbell.png
071,Victreebel,Grass,https://img.pokemondb.net/sprites/sun-moon/icon/victreebel.png
072,Tentacool,Water,https://img.pokemondb.net/sprites/sun-moon/icon/tentacool.png
073,Tentacruel,Water,https://img.pokemondb.net/sprites/sun-moon/icon/tentacruel.png
074,Geodude,Rock,https://img.pokemondb.net/sprites/sun-moon/icon/geodude.png
074,Geodude,Rock,https://img.pokemondb.net/sprites/sun-moon/icon/geodude-alolan.png
075,Graveler,Rock,https://img.pokemondb.net/sprites/sun-moon/icon/graveler.png
075,Graveler,Rock,https://img.pokemondb.net/sprites/sun-moon/icon/graveler-alolan.png
076,Golem,Rock,https://img.pokemondb.net/sprites/sun-moon/icon/golem.png
076,Golem,Rock,https://img.pokemondb.net/sprites/sun-moon/icon/golem-alolan.png
077,Ponyta,Fire,https://img.pokemondb.net/sprites/sun-moon/icon/ponyta.png
078,Rapidash,Fire,https://img.pokemondb.net/sprites/sun-moon/icon/rapidash.png
079,Slowpoke,Water,https://img.pokemondb.net/sprites/sun-moon/icon/slowpoke.png
080,Slowbro,Water,https://img.pokemondb.net/sprites/sun-moon/icon/slowbro.png
080,Slowbro,Water,https://img.pokemondb.net/sprites/sun-moon/icon/slowbro-mega.png
081,Magnemite,Electric,https://img.pokemondb.net/sprites/sun-moon/icon/magnemite.png
082,Magneton,Electric,https://img.pokemondb.net/sprites/sun-moon/icon/magneton.png
083,Farfetch'd,Normal,https://img.pokemondb.net/sprites/sun-moon/icon/farfetchd.png
084,Doduo,Normal,https://img.pokemondb.net/sprites/sun-moon/icon/doduo.png
085,Dodrio,Normal,https://img.pokemondb.net/sprites/sun-moon/icon/dodrio.png
086,Seel,Water,https://img.pokemondb.net/sprites/sun-moon/icon/seel.png
087,Dewgong,Water,https://img.pokemondb.net/sprites/sun-moon/icon/dewgong.png
088,Grimer,Poison,https://img.pokemondb.net/sprites/sun-moon/icon/grimer.png
088,Grimer,Poison,https://img.pokemondb.net/sprites/sun-moon/icon/grimer-alolan.png
089,Muk,Poison,https://img.pokemondb.net/sprites/sun-moon/icon/muk.png
089,Muk,Poison,https://img.pokemondb.net/sprites/sun-moon/icon/muk-alolan.png
090,Shellder,Water,https://img.pokemondb.net/sprites/sun-moon/icon/shellder.png
091,Cloyster,Water,https://img.pokemondb.net/sprites/sun-moon/icon/cloyster.png
092,Gastly,Ghost,https://img.pokemondb.net/sprites/sun-moon/icon/gastly.png
093,Haunter,Ghost,https://img.pokemondb.net/sprites/sun-moon/icon/haunter.png
094,Gengar,Ghost,https://img.pokemondb.net/sprites/sun-moon/icon/gengar.png
094,Gengar,Ghost,https://img.pokemondb.net/sprites/sun-moon/icon/gengar-mega.png
095,Onix,Rock,https://img.pokemondb.net/sprites/sun-moon/icon/onix.png
096,Drowzee,Psychic,https://img.pokemondb.net/sprites/sun-moon/icon/drowzee.png
097,Hypno,Psychic,https://img.pokemondb.net/sprites/sun-moon/icon/hypno.png
098,Krabby,Water,https://img.pokemondb.net/sprites/sun-moon/icon/krabby.png
099,Kingler,Water,https://img.pokemondb.net/sprites/sun-moon/icon/kingler.png
100,Voltorb,Electric,https://img.pokemondb.net/sprites/sun-moon/icon/voltorb.png
101,Electrode,Electric,https://img.pokemondb.net/sprites/sun-moon/icon/electrode.png
102,Exeggcute,Grass,https://img.pokemondb.net/sprites/sun-moon/icon/exeggcute.png
103,Exeggutor,Grass,https://img.pokemondb.net/sprites/sun-moon/icon/exeggutor.png
103,Exeggutor,Grass,https://img.pokemondb.net/sprites/sun-moon/icon/exeggutor-alolan.png
104,Cubone,Ground,https://img.pokemondb.net/sprites/sun-moon/icon/cubone.png
105,Marowak,Ground,https://img.pokemondb.net/sprites/sun-moon/icon/marowak.png
105,Marowak,Fire,https://img.pokemondb.net/sprites/sun-moon/icon/marowak-alolan.png
106,Hitmonlee,Fighting,https://img.pokemondb.net/sprites/sun-moon/icon/hitmonlee.png
107,Hitmonchan,Fighting,https://img.pokemondb.net/sprites/sun-moon/icon/hitmonchan.png
108,Lickitung,Normal,https://img.pokemondb.net/sprites/sun-moon/icon/lickitung.png
109,Koffing,Poison,https://img.pokemondb.net/sprites/sun-moon/icon/koffing.png
110,Weezing,Poison,https://img.pokemondb.net/sprites/sun-moon/icon/weezing.png
111,Rhyhorn,Ground,https://img.pokemondb.net/sprites/sun-moon/icon/rhyhorn.png
112,Rhydon,Ground,https://img.pokemondb.net/sprites/sun-moon/icon/rhydon.png
113,Chansey,Normal,https://img.pokemondb.net/sprites/sun-moon/icon/chansey.png
114,Tangela,Grass,https://img.pokemondb.net/sprites/sun-moon/icon/tangela.png
115,Kangaskhan,Normal,https://img.pokemondb.net/sprites/sun-moon/icon/kangaskhan.png
115,Kangaskhan,Normal,https://img.pokemondb.net/sprites/sun-moon/icon/kangaskhan-mega.png
116,Horsea,Water,https://img.pokemondb.net/sprites/sun-moon/icon/horsea.png
117,Seadra,Water,https://img.pokemondb.net/sprites/sun-moon/icon/seadra.png
118,Goldeen,Water,https://img.pokemondb.net/sprites/sun-moon/icon/goldeen.png
119,Seaking,Water,https://img.pokemondb.net/sprites/sun-moon/icon/seaking.png
120,Staryu,Water,https://img.pokemondb.net/sprites/sun-moon/icon/staryu.png
121,Starmie,Water,https://img.pokemondb.net/sprites/sun-moon/icon/starmie.png
122,Mr. Mime,Psychic,https://img.pokemondb.net/sprites/sun-moon/icon/mr-mime.png
123,Scyther,Bug,https://img.pokemondb.net/sprites/sun-moon/icon/scyther.png
124,Jynx,Ice,https://img.pokemondb.net/sprites/sun-moon/icon/jynx.png
125,Electabuzz,Electric,https://img.pokemondb.net/sprites/sun-moon/icon/electabuzz.png
126,Magmar,Fire,https://img.pokemondb.net/sprites/sun-moon/icon/magmar.png
127,Pinsir,Bug,https://img.pokemondb.net/sprites/sun-moon/icon/pinsir.png
127,Pinsir,Bug,https://img.pokemondb.net/sprites/sun-moon/icon/pinsir-mega.png
128,Tauros,Normal,https://img.pokemondb.net/sprites/sun-moon/icon/tauros.png
129,Magikarp,Water,https://img.pokemondb.net/sprites/sun-moon/icon/magikarp.png
130,Gyarados,Water,https://img.pokemondb.net/sprites/sun-moon/icon/gyarados.png
130,Gyarados,Water,https://img.pokemondb.net/sprites/sun-moon/icon/gyarados-mega.png
131,Lapras,Water,https://img.pokemondb.net/sprites/sun-moon/icon/lapras.png
132,Ditto,Normal,https://img.pokemondb.net/sprites/sun-moon/icon/ditto.png
133,Eevee,Normal,https://img.pokemondb.net/sprites/sun-moon/icon/eevee.png
133,Eevee,Normal,https://img.pokemondb.net/sprites/sun-moon/icon/eevee-lets-go.png
134,Vaporeon,Water,https://img.pokemondb.net/sprites/sun-moon/icon/vaporeon.png
135,Jolteon,Electric,https://img.pokemondb.net/sprites/sun-moon/icon/jolteon.png
136,Flareon,Fire,https://img.pokemondb.net/sprites/sun-moon/icon/flareon.png
137,Porygon,Normal,https://img.pokemondb.net/sprites/sun-moon/icon/porygon.png
138,Omanyte,Rock,https://img.pokemondb.net/sprites/sun-moon/icon/omanyte.png
139,Omastar,Rock,https://img.pokemondb.net/sprites/sun-moon/icon/omastar.png
140,Kabuto,Rock,https://img.pokemondb.net/sprites/sun-moon/icon/kabuto.png
141,Kabutops,Rock,https://img.pokemondb.net/sprites/sun-moon/icon/kabutops.png
142,Aerodactyl,Rock,https://img.pokemondb.net/sprites/sun-moon/icon/aerodactyl.png
142,Aerodactyl,Rock,https://img.pokemondb.net/sprites/sun-moon/icon/aerodactyl-mega.png
143,Snorlax,Normal,https://img.pokemondb.net/sprites/sun-moon/icon/snorlax.png
144,Articuno,Ice,https://img.pokemondb.net/sprites/sun-moon/icon/articuno.png
145,Zapdos,Electric,https://img.pokemondb.net/sprites/sun-moon/icon/zapdos.png
146,Moltres,Fire,https://img.pokemondb.net/sprites/sun-moon/icon/moltres.png
147,Dratini,Dragon,https://img.pokemondb.net/sprites/sun-moon/icon/dratini.png
148,Dragonair,Dragon,https://img.pokemondb.net/sprites/sun-moon/icon/dragonair.png
149,Dragonite,Dragon,https://img.pokemondb.net/sprites/sun-moon/icon/dragonite.png
150,Mewtwo,Psychic,https://img.pokemondb.net/sprites/sun-moon/icon/mewtwo.png
150,Mewtwo,Psychic,https://img.pokemondb.net/sprites/sun-moon/icon/mewtwo-mega-x.png
150,Mewtwo,Psychic,https://img.pokemondb.net/sprites/sun-moon/icon/mewtwo-mega-y.png
151,Mew,Psychic,https://img.pokemondb.net/sprites/sun-moon/icon/mew.png
152,Chikorita,Grass,https://img.pokemondb.net/sprites/sun-moon/icon/chikorita.png
153,Bayleef,Grass,https://img.pokemondb.net/sprites/sun-moon/icon/bayleef.png
154,Meganium,Grass,https://img.pokemondb.net/sprites/sun-moon/icon/meganium.png
155,Cyndaquil,Fire,https://img.pokemondb.net/sprites/sun-moon/icon/cyndaquil.png
156,Quilava,Fire,https://img.pokemondb.net/sprites/sun-moon/icon/quilava.png
157,Typhlosion,Fire,https://img.pokemondb.net/sprites/sun-moon/icon/typhlosion.png
158,Totodile,Water,https://img.pokemondb.net/sprites/sun-moon/icon/totodile.png
159,Croconaw,Water,https://img.pokemondb.net/sprites/sun-moon/icon/croconaw.png
160,Feraligatr,Water,https://img.pokemondb.net/sprites/sun-moon/icon/feraligatr.png
161,Sentret,Normal,https://img.pokemondb.net/sprites/sun-moon/icon/sentret.png
162,Furret,Normal,https://img.pokemondb.net/sprites/sun-moon/icon/furret.png
163,Hoothoot,Normal,https://img.pokemondb.net/sprites/sun-moon/icon/hoothoot.png
164,Noctowl,Normal,https://img.pokemondb.net/sprites/sun-moon/icon/noctowl.png
165,Ledyba,Bug,https://img.pokemondb.net/sprites/sun-moon/icon/ledyba.png
166,Ledian,Bug,https://img.pokemondb.net/sprites/sun-moon/icon/ledian.png
167,Spinarak,Bug,https://img.pokemondb.net/sprites/sun-moon/icon/spinarak.png
168,Ariados,Bug,https://img.pokemondb.net/sprites/sun-moon/icon/ariados.png
169,Crobat,Poison,https://img.pokemondb.net/sprites/sun-moon/icon/crobat.png
170,Chinchou,Water,https://img.pokemondb.net/sprites/sun-moon/icon/chinchou.png
171,Lanturn,Water,https://img.pokemondb.net/sprites/sun-moon/icon/lanturn.png
172,Pichu,Electric,https://img.pokemondb.net/sprites/sun-moon/icon/pichu.png
173,Cleffa,Fairy,https://img.pokemondb.net/sprites/sun-moon/icon/cleffa.png
174,Igglybuff,Normal,https://img.pokemondb.net/sprites/sun-moon/icon/igglybuff.png
175,Togepi,Fairy,https://img.pokemondb.net/sprites/sun-moon/icon/togepi.png
176,Togetic,Fairy,https://img.pokemondb.net/sprites/sun-moon/icon/togetic.png
177,Natu,Psychic,https://img.pokemondb.net/sprites/sun-moon/icon/natu.png
178,Xatu,Psychic,https://img.pokemondb.net/sprites/sun-moon/icon/xatu.png
179,Mareep,Electric,https://img.pokemondb.net/sprites/sun-moon/icon/mareep.png
180,Flaaffy,Electric,https://img.pokemondb.net/sprites/sun-moon/icon/flaaffy.png
181,Ampharos,Electric,https://img.pokemondb.net/sprites/sun-moon/icon/ampharos.png
181,Ampharos,Electric,https://img.pokemondb.net/sprites/sun-moon/icon/ampharos-mega.png
182,Bellossom,Grass,https://img.pokemondb.net/sprites/sun-moon/icon/bellossom.png
183,Marill,Water,https://img.pokemondb.net/sprites/sun-moon/icon/marill.png
184,Azumarill,Water,https://img.pokemondb.net/sprites/sun-moon/icon/azumarill.png
185,Sudowoodo,Rock,https://img.pokemondb.net/sprites/sun-moon/icon/sudowoodo.png
186,Politoed,Water,https://img.pokemondb.net/sprites/sun-moon/icon/politoed.png
187,Hoppip,Grass,https://img.pokemondb.net/sprites/sun-moon/icon/hoppip.png
188,Skiploom,Grass,https://img.pokemondb.net/sprites/sun-moon/icon/skiploom.png
189,Jumpluff,Grass,https://img.pokemondb.net/sprites/sun-moon/icon/jumpluff.png
190,Aipom,Normal,https://img.pokemondb.net/sprites/sun-moon/icon/aipom.png
191,Sunkern,Grass,https://img.pokemondb.net/sprites/sun-moon/icon/sunkern.png
192,Sunflora,Grass,https://img.pokemondb.net/sprites/sun-moon/icon/sunflora.png
193,Yanma,Bug,https://img.pokemondb.net/sprites/sun-moon/icon/yanma.png
194,Wooper,Water,https://img.pokemondb.net/sprites/sun-moon/icon/wooper.png
195,Quagsire,Water,https://img.pokemondb.net/sprites/sun-moon/icon/quagsire.png
196,Espeon,Psychic,https://img.pokemondb.net/sprites/sun-moon/icon/espeon.png
197,Umbreon,Dark,https://img.pokemondb.net/sprites/sun-moon/icon/umbreon.png
198,Murkrow,Dark,https://img.pokemondb.net/sprites/sun-moon/icon/murkrow.png
199,Slowking,Water,https://img.pokemondb.net/sprites/sun-moon/icon/slowking.png
200,Misdreavus,Ghost,https://img.pokemondb.net/sprites/sun-moon/icon/misdreavus.png
201,Unown,Psychic,https://img.pokemondb.net/sprites/sun-moon/icon/unown.png
202,Wobbuffet,Psychic,https://img.pokemondb.net/sprites/sun-moon/icon/wobbuffet.png
203,Girafarig,Normal,https://img.pokemondb.net/sprites/sun-moon/icon/girafarig.png
204,Pineco,Bug,https://img.pokemondb.net/sprites/sun-moon/icon/pineco.png
205,Forretress,Bug,https://img.pokemondb.net/sprites/sun-moon/icon/forretress.png
206,Dunsparce,Normal,https://img.pokemondb.net/sprites/sun-moon/icon/dunsparce.png
207,Gligar,Ground,https://img.pokemondb.net/sprites/sun-moon/icon/gligar.png
208,Steelix,Steel,https://img.pokemondb.net/sprites/sun-moon/icon/steelix.png
208,Steelix,Steel,https://img.pokemondb.net/sprites/sun-moon/icon/steelix-mega.png
209,Snubbull,Fairy,https://img.pokemondb.net/sprites/sun-moon/icon/snubbull.png
210,Granbull,Fairy,https://img.pokemondb.net/sprites/sun-moon/icon/granbull.png
211,Qwilfish,Water,https://img.pokemondb.net/sprites/sun-moon/icon/qwilfish.png
212,Scizor,Bug,https://img.pokemondb.net/sprites/sun-moon/icon/scizor.png
212,Scizor,Bug,https://img.pokemondb.net/sprites/sun-moon/icon/scizor-mega.png
213,Shuckle,Bug,https://img.pokemondb.net/sprites/sun-moon/icon/shuckle.png
214,Heracross,Bug,https://img.pokemondb.net/sprites/sun-moon/icon/heracross.png
214,Heracross,Bug,https://img.pokemondb.net/sprites/sun-moon/icon/heracross-mega.png
215,Sneasel,Dark,https://img.pokemondb.net/sprites/sun-moon/icon/sneasel.png
216,Teddiursa,Normal,https://img.pokemondb.net/sprites/sun-moon/icon/teddiursa.png
217,Ursaring,Normal,https://img.pokemondb.net/sprites/sun-moon/icon/ursaring.png
218,Slugma,Fire,https://img.pokemondb.net/sprites/sun-moon/icon/slugma.png
219,Magcargo,Fire,https://img.pokemondb.net/sprites/sun-moon/icon/magcargo.png
220,Swinub,Ice,https://img.pokemondb.net/sprites/sun-moon/icon/swinub.png
221,Piloswine,Ice,https://img.pokemondb.net/sprites/sun-moon/icon/piloswine.png
222,Corsola,Water,https://img.pokemondb.net/sprites/sun-moon/icon/corsola.png
223,Remoraid,Water,https://img.pokemondb.net/sprites/sun-moon/icon/remoraid.png
224,Octillery,Water,https://img.pokemondb.net/sprites/sun-moon/icon/octillery.png
225,Delibird,Ice,https://img.pokemondb.net/sprites/sun-moon/icon/delibird.png
226,Mantine,Water,https://img.pokemondb.net/sprites/sun-moon/icon/mantine.png
227,Skarmory,Steel,https://img.pokemondb.net/sprites/sun-moon/icon/skarmory.png
228,Houndour,Dark,https://img.pokemondb.net/sprites/sun-moon/icon/houndour.png
229,Houndoom,Dark,https://img.pokemondb.net/sprites/sun-moon/icon/houndoom.png
229,Houndoom,Dark,https://img.pokemondb.net/sprites/sun-moon/icon/houndoom-mega.png
230,Kingdra,Water,https://img.pokemondb.net/sprites/sun-moon/icon/kingdra.png
231,Phanpy,Ground,https://img.pokemondb.net/sprites/sun-moon/icon/phanpy.png
232,Donphan,Ground,https://img.pokemondb.net/sprites/sun-moon/icon/donphan.png
233,Porygon2,Normal,https://img.pokemondb.net/sprites/sun-moon/icon/porygon2.png
234,Stantler,Normal,https://img.pokemondb.net/sprites/sun-moon/icon/stantler.png
235,Smeargle,Normal,https://img.pokemondb.net/sprites/sun-moon/icon/smeargle.png
236,Tyrogue,Fighting,https://img.pokemondb.net/sprites/sun-moon/icon/tyrogue.png
237,Hitmontop,Fighting,https://img.pokemondb.net/sprites/sun-moon/icon/hitmontop.png
238,Smoochum,Ice,https://img.pokemondb.net/sprites/sun-moon/icon/smoochum.png
239,Elekid,Electric,https://img.pokemondb.net/sprites/sun-moon/icon/elekid.png
240,Magby,Fire,https://img.pokemondb.net/sprites/sun-moon/icon/magby.png
241,Miltank,Normal,https://img.pokemondb.net/sprites/sun-moon/icon/miltank.png
242,Blissey,Normal,https://img.pokemondb.net/sprites/sun-moon/icon/blissey.png
243,Raikou,Electric,https://img.pokemondb.net/sprites/sun-moon/icon/raikou.png
244,Entei,Fire,https://img.pokemondb.net/sprites/sun-moon/icon/entei.png
245,Suicune,Water,https://img.pokemondb.net/sprites/sun-moon/icon/suicune.png
246,Larvitar,Rock,https://img.pokemondb.net/sprites/sun-moon/icon/larvitar.png
247,Pupitar,Rock,https://img.pokemondb.net/sprites/sun-moon/icon/pupitar.png
248,Tyranitar,Rock,https://img.pokemondb.net/sprites/sun-moon/icon/tyranitar.png
248,Tyranitar,Rock,https://img.pokemondb.net/sprites/sun-moon/icon/tyranitar-mega.png
249,Lugia,Psychic,https://img.pokemondb.net/sprites/sun-moon/icon/lugia.png
250,Ho-oh,Fire,https://img.pokemondb.net/sprites/sun-moon/icon/ho-oh.png
251,Celebi,Psychic,https://img.pokemondb.net/sprites/sun-moon/icon/celebi.png
252,Treecko,Grass,https://img.pokemondb.net/sprites/sun-moon/icon/treecko.png
253,Grovyle,Grass,https://img.pokemondb.net/sprites/sun-moon/icon/grovyle.png
254,Sceptile,Grass,https://img.pokemondb.net/sprites/sun-moon/icon/sceptile.png
254,Sceptile,Grass,https://img.pokemondb.net/sprites/sun-moon/icon/sceptile-mega.png
255,Torchic,Fire,https://img.pokemondb.net/sprites/sun-moon/icon/torchic.png
256,Combusken,Fire,https://img.pokemondb.net/sprites/sun-moon/icon/combusken.png
257,Blaziken,Fire,https://img.pokemondb.net/sprites/sun-moon/icon/blaziken.png
257,Blaziken,Fire,https://img.pokemondb.net/sprites/sun-moon/icon/blaziken-mega.png
258,Mudkip,Water,https://img.pokemondb.net/sprites/sun-moon/icon/mudkip.png
259,Marshtomp,Water,https://img.pokemondb.net/sprites/sun-moon/icon/marshtomp.png
260,Swampert,Water,https://img.pokemondb.net/sprites/sun-moon/icon/swampert.png
260,Swampert,Water,https://img.pokemondb.net/sprites/sun-moon/icon/swampert-mega.png
261,Poochyena,Dark,https://img.pokemondb.net/sprites/sun-moon/icon/poochyena.png
262,Mightyena,Dark,https://img.pokemondb.net/sprites/sun-moon/icon/mightyena.png
263,Zigzagoon,Normal,https://img.pokemondb.net/sprites/sun-moon/icon/zigzagoon.png
264,Linoone,Normal,https://img.pokemondb.net/sprites/sun-moon/icon/linoone.png
265,Wurmple,Bug,https://img.pokemondb.net/sprites/sun-moon/icon/wurmple.png
266,Silcoon,Bug,https://img.pokemondb.net/sprites/sun-moon/icon/silcoon.png
267,Beautifly,Bug,https://img.pokemondb.net/sprites/sun-moon/icon/beautifly.png
268,Cascoon,Bug,https://img.pokemondb.net/sprites/sun-moon/icon/cascoon.png
269,Dustox,Bug,https://img.pokemondb.net/sprites/sun-moon/icon/dustox.png
270,Lotad,Water,https://img.pokemondb.net/sprites/sun-moon/icon/lotad.png
271,Lombre,Water,https://img.pokemondb.net/sprites/sun-moon/icon/lombre.png
272,Ludicolo,Water,https://img.pokemondb.net/sprites/sun-moon/icon/ludicolo.png
273,Seedot,Grass,https://img.pokemondb.net/sprites/sun-moon/icon/seedot.png
274,Nuzleaf,Grass,https://img.pokemondb.net/sprites/sun-moon/icon/nuzleaf.png
275,Shiftry,Grass,https://img.pokemondb.net/sprites/sun-moon/icon/shiftry.png
276,Taillow,Normal,https://img.pokemondb.net/sprites/sun-moon/icon/taillow.png
277,Swellow,Normal,https://img.pokemondb.net/sprites/sun-moon/icon/swellow.png
278,Wingull,Water,https://img.pokemondb.net/sprites/sun-moon/icon/wingull.png
279,Pelipper,Water,https://img.pokemondb.net/sprites/sun-moon/icon/pelipper.png
280,Ralts,Psychic,https://img.pokemondb.net/sprites/sun-moon/icon/ralts.png
281,Kirlia,Psychic,https://img.pokemondb.net/sprites/sun-moon/icon/kirlia.png
282,Gardevoir,Psychic,https://img.pokemondb.net/sprites/sun-moon/icon/gardevoir.png
282,Gardevoir,Psychic,https://img.pokemondb.net/sprites/sun-moon/icon/gardevoir-mega.png
283,Surskit,Bug,https://img.pokemondb.net/sprites/sun-moon/icon/surskit.png
284,Masquerain,Bug,https://img.pokemondb.net/sprites/sun-moon/icon/masquerain.png
285,Shroomish,Grass,https://img.pokemondb.net/sprites/sun-moon/icon/shroomish.png
286,Breloom,Grass,https://img.pokemondb.net/sprites/sun-moon/icon/breloom.png
287,Slakoth,Normal,https://img.pokemondb.net/sprites/sun-moon/icon/slakoth.png
288,Vigoroth,Normal,https://img.pokemondb.net/sprites/sun-moon/icon/vigoroth.png
289,Slaking,Normal,https://img.pokemondb.net/sprites/sun-moon/icon/slaking.png
290,Nincada,Bug,https://img.pokemondb.net/sprites/sun-moon/icon/nincada.png
291,Ninjask,Bug,https://img.pokemondb.net/sprites/sun-moon/icon/ninjask.png
292,Shedinja,Bug,https://img.pokemondb.net/sprites/sun-moon/icon/shedinja.png
293,Whismur,Normal,https://img.pokemondb.net/sprites/sun-moon/icon/whismur.png
294,Loudred,Normal,https://img.pokemondb.net/sprites/sun-moon/icon/loudred.png
295,Exploud,Normal,https://img.pokemondb.net/sprites/sun-moon/icon/exploud.png
296,Makuhita,Fighting,https://img.pokemondb.net/sprites/sun-moon/icon/makuhita.png
297,Hariyama,Fighting,https://img.pokemondb.net/sprites/sun-moon/icon/hariyama.png
298,Azurill,Normal,https://img.pokemondb.net/sprites/sun-moon/icon/azurill.png
299,Nosepass,Rock,https://img.pokemondb.net/sprites/sun-moon/icon/nosepass.png
300,Skitty,Normal,https://img.pokemondb.net/sprites/sun-moon/icon/skitty.png
301,Delcatty,Normal,https://img.pokemondb.net/sprites/sun-moon/icon/delcatty.png
302,Sableye,Dark,https://img.pokemondb.net/sprites/sun-moon/icon/sableye.png
302,Sableye,Dark,https://img.pokemondb.net/sprites/sun-moon/icon/sableye-mega.png
303,Mawile,Steel,https://img.pokemondb.net/sprites/sun-moon/icon/mawile.png
303,Mawile,Steel,https://img.pokemondb.net/sprites/sun-moon/icon/mawile-mega.png
304,Aron,Steel,https://img.pokemondb.net/sprites/sun-moon/icon/aron.png
305,Lairon,Steel,https://img.pokemondb.net/sprites/sun-moon/icon/lairon.png
306,Aggron,Steel,https://img.pokemondb.net/sprites/sun-moon/icon/aggron.png
306,Aggron,Steel,https://img.pokemondb.net/sprites/sun-moon/icon/aggron-mega.png
307,Meditite,Fighting,https://img.pokemondb.net/sprites/sun-moon/icon/meditite.png
308,Medicham,Fighting,https://img.pokemondb.net/sprites/sun-moon/icon/medicham.png
308,Medicham,Fighting,https://img.pokemondb.net/sprites/sun-moon/icon/medicham-mega.png
309,Electrike,Electric,https://img.pokemondb.net/sprites/sun-moon/icon/electrike.png
310,Manectric,Electric,https://img.pokemondb.net/sprites/sun-moon/icon/manectric.png
310,Manectric,Electric,https://img.pokemondb.net/sprites/sun-moon/icon/manectric-mega.png
311,Plusle,Electric,https://img.pokemondb.net/sprites/sun-moon/icon/plusle.png
312,Minun,Electric,https://img.pokemondb.net/sprites/sun-moon/icon/minun.png
313,Volbeat,Bug,https://img.pokemondb.net/sprites/sun-moon/icon/volbeat.png
314,Illumise,Bug,https://img.pokemondb.net/sprites/sun-moon/icon/illumise.png
315,Roselia,Grass,https://img.pokemondb.net/sprites/sun-moon/icon/roselia.png
316,Gulpin,Poison,https://img.pokemondb.net/sprites/sun-moon/icon/gulpin.png
317,Swalot,Poison,https://img.pokemondb.net/sprites/sun-moon/icon/swalot.png
318,Carvanha,Water,https://img.pokemondb.net/sprites/sun-moon/icon/carvanha.png
319,Sharpedo,Water,https://img.pokemondb.net/sprites/sun-moon/icon/sharpedo.png
319,Sharpedo,Water,https://img.pokemondb.net/sprites/sun-moon/icon/sharpedo-mega.png
320,Wailmer,Water,https://img.pokemondb.net/sprites/sun-moon/icon/wailmer.png
321,Wailord,Water,https://img.pokemondb.net/sprites/sun-moon/icon/wailord.png
322,Numel,Fire,https://img.pokemondb.net/sprites/sun-moon/icon/numel.png
323,Camerupt,Fire,https://img.pokemondb.net/sprites/sun-moon/icon/camerupt.png
323,Camerupt,Fire,https://img.pokemondb.net/sprites/sun-moon/icon/camerupt-mega.png
324,Torkoal,Fire,https://img.pokemondb.net/sprites/sun-moon/icon/torkoal.png
325,Spoink,Psychic,https://img.pokemondb.net/sprites/sun-moon/icon/spoink.png
326,Grumpig,Psychic,https://img.pokemondb.net/sprites/sun-moon/icon/grumpig.png
327,Spinda,Normal,https://img.pokemondb.net/sprites/sun-moon/icon/spinda.png
328,Trapinch,Ground,https://img.pokemondb.net/sprites/sun-moon/icon/trapinch.png
329,Vibrava,Ground,https://img.pokemondb.net/sprites/sun-moon/icon/vibrava.png
330,Flygon,Ground,https://img.pokemondb.net/sprites/sun-moon/icon/flygon.png
331,Cacnea,Grass,https://img.pokemondb.net/sprites/sun-moon/icon/cacnea.png
332,Cacturne,Grass,https://img.pokemondb.net/sprites/sun-moon/icon/cacturne.png
333,Swablu,Normal,https://img.pokemondb.net/sprites/sun-moon/icon/swablu.png
334,Altaria,Dragon,https://img.pokemondb.net/sprites/sun-moon/icon/altaria.png
334,Altaria,Dragon,https://img.pokemondb.net/sprites/sun-moon/icon/altaria-mega.png
335,Zangoose,Normal,https://img.pokemondb.net/sprites/sun-moon/icon/zangoose.png
336,Seviper,Poison,https://img.pokemondb.net/sprites/sun-moon/icon/seviper.png
337,Lunatone,Rock,https://img.pokemondb.net/sprites/sun-moon/icon/lunatone.png
338,Solrock,Rock,https://img.pokemondb.net/sprites/sun-moon/icon/solrock.png
339,Barboach,Water,https://img.pokemondb.net/sprites/sun-moon/icon/barboach.png
340,Whiscash,Water,https://img.pokemondb.net/sprites/sun-moon/icon/whiscash.png
341,Corphish,Water,https://img.pokemondb.net/sprites/sun-moon/icon/corphish.png
342,Crawdaunt,Water,https://img.pokemondb.net/sprites/sun-moon/icon/crawdaunt.png
343,Baltoy,Ground,https://img.pokemondb.net/sprites/sun-moon/icon/baltoy.png
344,Claydol,Ground,https://img.pokemondb.net/sprites/sun-moon/icon/claydol.png
345,Lileep,Rock,https://img.pokemondb.net/sprites/sun-moon/icon/lileep.png
346,Cradily,Rock,https://img.pokemondb.net/sprites/sun-moon/icon/cradily.png
347,Anorith,Rock,https://img.pokemondb.net/sprites/sun-moon/icon/anorith.png
348,Armaldo,Rock,https://img.pokemondb.net/sprites/sun-moon/icon/armaldo.png
349,Feebas,Water,https://img.pokemondb.net/sprites/sun-moon/icon/feebas.png
350,Milotic,Water,https://img.pokemondb.net/sprites/sun-moon/icon/milotic.png
351,Castform,Normal,https://img.pokemondb.net/sprites/sun-moon/icon/castform.png
351,Castform,Fire,https://img.pokemondb.net/s.png
351,Castform,Water,https://img.pokemondb.net/s.png
351,Castform,Ice,https://img.pokemondb.net/s.png
352,Kecleon,Normal,https://img.pokemondb.net/sprites/sun-moon/icon/kecleon.png
353,Shuppet,Ghost,https://img.pokemondb.net/sprites/sun-moon/icon/shuppet.png
354,Banette,Ghost,https://img.pokemondb.net/sprites/sun-moon/icon/banette.png
354,Banette,Ghost,https://img.pokemondb.net/sprites/sun-moon/icon/banette-mega.png
355,Duskull,Ghost,https://img.pokemondb.net/sprites/sun-moon/icon/duskull.png
356,Dusclops,Ghost,https://img.pokemondb.net/sprites/sun-moon/icon/dusclops.png
357,Tropius,Grass,https://img.pokemondb.net/sprites/sun-moon/icon/tropius.png
358,Chimecho,Psychic,https://img.pokemondb.net/sprites/sun-moon/icon/chimecho.png
359,Absol,Dark,https://img.pokemondb.net/sprites/sun-moon/icon/absol.png
359,Absol,Dark,https://img.pokemondb.net/sprites/sun-moon/icon/absol-mega.png
360,Wynaut,Psychic,https://img.pokemondb.net/sprites/sun-moon/icon/wynaut.png
361,Snorunt,Ice,https://img.pokemondb.net/sprites/sun-moon/icon/snorunt.png
362,Glalie,Ice,https://img.pokemondb.net/sprites/sun-moon/icon/glalie.png
362,Glalie,Ice,https://img.pokemondb.net/sprites/sun-moon/icon/glalie-mega.png
363,Spheal,Ice,https://img.pokemondb.net/sprites/sun-moon/icon/spheal.png
364,Sealeo,Ice,https://img.pokemondb.net/sprites/sun-moon/icon/sealeo.png
365,Walrein,Ice,https://img.pokemondb.net/sprites/sun-moon/icon/walrein.png
366,Clamperl,Water,https://img.pokemondb.net/sprites/sun-moon/icon/clamperl.png
367,Huntail,Water,https://img.pokemondb.net/sprites/sun-moon/icon/huntail.png
368,Gorebyss,Water,https://img.pokemondb.net/sprites/sun-moon/icon/gorebyss.png
369,Relicanth,Water,https://img.pokemondb.net/sprites/sun-moon/icon/relicanth.png
370,Luvdisc,Water,https://img.pokemondb.net/sprites/sun-moon/icon/luvdisc.png
371,Bagon,Dragon,https://img.pokemondb.net/sprites/sun-moon/icon/bagon.png
372,Shelgon,Dragon,https://img.pokemondb.net/sprites/sun-moon/icon/shelgon.png
373,Salamence,Dragon,https://img.pokemondb.net/sprites/sun-moon/icon/salamence.png
373,Salamence,Dragon,https://img.pokemondb.net/sprites/sun-moon/icon/salamence-mega.png
374,Beldum,Steel,https://img.pokemondb.net/sprites/sun-moon/icon/beldum.png
375,Metang,Steel,https://img.pokemondb.net/sprites/sun-moon/icon/metang.png
376,Metagross,Steel,https://img.pokemondb.net/sprites/sun-moon/icon/metagross.png
376,Metagross,Steel,https://img.pokemondb.net/sprites/sun-moon/icon/metagross-mega.png
377,Regirock,Rock,https://img.pokemondb.net/sprites/sun-moon/icon/regirock.png
378,Regice,Ice,https://img.pokemondb.net/sprites/sun-moon/icon/regice.png
379,Registeel,Steel,https://img.pokemondb.net/sprites/sun-moon/icon/registeel.png
380,Latias,Dragon,https://img.pokemondb.net/sprites/sun-moon/icon/latias.png
380,Latias,Dragon,https://img.pokemondb.net/sprites/sun-moon/icon/latias-mega.png
381,Latios,Dragon,https://img.pokemondb.net/sprites/sun-moon/icon/latios.png
381,Latios,Dragon,https://img.pokemondb.net/sprites/sun-moon/icon/latios-mega.png
382,Kyogre,Water,https://img.pokemondb.net/sprites/sun-moon/icon/kyogre.png
382,Kyogre,Water,https://img.pokemondb.net/sprites/sun-moon/icon/kyogre-primal.png
383,Groudon,Ground,https://img.pokemondb.net/sprites/sun-moon/icon/groudon.png
383,Groudon,Ground,https://img.pokemondb.net/sprites/sun-moon/icon/groudon-primal.png
384,Rayquaza,Dragon,https://img.pokemondb.net/sprites/sun-moon/icon/rayquaza.png
384,Rayquaza,Dragon,https://img.pokemondb.net/sprites/sun-moon/icon/rayquaza-mega.png
385,Jirachi,Steel,https://img.pokemondb.net/sprites/sun-moon/icon/jirachi.png
386,Deoxys,Psychic,https://img.pokemondb.net/sprites/sun-moon/icon/deoxys-normal.png
386,Deoxys,Psychic,https://img.pokemondb.net/sprites/sun-moon/icon/deoxys-attack.png
386,Deoxys,Psychic,https://img.pokemondb.net/sprites/sun-moon/icon/deoxys-defense.png
386,Deoxys,Psychic,https://img.pokemondb.net/sprites/sun-moon/icon/deoxys-speed.png
387,Turtwig,Grass,https://img.pokemondb.net/sprites/sun-moon/icon/turtwig.png
388,Grotle,Grass,https://img.pokemondb.net/sprites/sun-moon/icon/grotle.png
389,Torterra,Grass,https://img.pokemondb.net/sprites/sun-moon/icon/torterra.png
390,Chimchar,Fire,https://img.pokemondb.net/sprites/sun-moon/icon/chimchar.png
391,Monferno,Fire,https://img.pokemondb.net/sprites/sun-moon/icon/monferno.png
392,Infernape,Fire,https://img.pokemondb.net/sprites/sun-moon/icon/infernape.png
393,Piplup,Water,https://img.pokemondb.net/sprites/sun-moon/icon/piplup.png
394,Prinplup,Water,https://img.pokemondb.net/sprites/sun-moon/icon/prinplup.png
395,Empoleon,Water,https://img.pokemondb.net/sprites/sun-moon/icon/empoleon.png
396,Starly,Normal,https://img.pokemondb.net/sprites/sun-moon/icon/starly.png
397,Staravia,Normal,https://img.pokemondb.net/sprites/sun-moon/icon/staravia.png
398,Staraptor,Normal,https://img.pokemondb.net/sprites/sun-moon/icon/staraptor.png
399,Bidoof,Normal,https://img.pokemondb.net/sprites/sun-moon/icon/bidoof.png
400,Bibarel,Normal,https://img.pokemondb.net/sprites/sun-moon/icon/bibarel.png
401,Kricketot,Bug,https://img.pokemondb.net/sprites/sun-moon/icon/kricketot.png
402,Kricketune,Bug,https://img.pokemondb.net/sprites/sun-moon/icon/kricketune.png
403,Shinx,Electric,https://img.pokemondb.net/sprites/sun-moon/icon/shinx.png
404,Luxio,Electric,https://img.pokemondb.net/sprites/sun-moon/icon/luxio.png
405,Luxray,Electric,https://img.pokemondb.net/sprites/sun-moon/icon/luxray.png
406,Budew,Grass,https://img.pokemondb.net/sprites/sun-moon/icon/budew.png
407,Roserade,Grass,https://img.pokemondb.net/sprites/sun-moon/icon/roserade.png
408,Cranidos,Rock,https://img.pokemondb.net/sprites/sun-moon/icon/cranidos.png
409,Rampardos,Rock,https://img.pokemondb.net/sprites/sun-moon/icon/rampardos.png
410,Shieldon,Rock,https://img.pokemondb.net/sprites/sun-moon/icon/shieldon.png
411,Bastiodon,Rock,https://img.pokemondb.net/sprites/sun-moon/icon/bastiodon.png
412,Burmy,Bug,https://img.pokemondb.net/sprites/sun-moon/icon/burmy.png
413,Wormadam,Bug,https://img.pokemondb.net/sprites/sun-moon/icon/wormadam-plant.png
413,Wormadam,Bug,https://img.pokemondb.net/sprites/sun-moon/icon/wormadam-sandy.png
413,Wormadam,Bug,https://img.pokemondb.net/sprites/sun-moon/icon/wormadam-trash.png
414,Mothim,Bug,https://img.pokemondb.net/sprites/sun-moon/icon/mothim.png
415,Combee,Bug,https://img.pokemondb.net/sprites/sun-moon/icon/combee.png
416,Vespiquen,Bug,https://img.pokemondb.net/sprites/sun-moon/icon/vespiquen.png
417,Pachirisu,Electric,https://img.pokemondb.net/sprites/sun-moon/icon/pachirisu.png
418,Buizel,Water,https://img.pokemondb.net/sprites/sun-moon/icon/buizel.png
419,Floatzel,Water,https://img.pokemondb.net/sprites/sun-moon/icon/floatzel.png
420,Cherubi,Grass,https://img.pokemondb.net/sprites/sun-moon/icon/cherubi.png
421,Cherrim,Grass,https://img.pokemondb.net/sprites/sun-moon/icon/cherrim.png
422,Shellos,Water,https://img.pokemondb.net/sprites/sun-moon/icon/shellos.png
423,Gastrodon,Water,https://img.pokemondb.net/sprites/sun-moon/icon/gastrodon.png
424,Ambipom,Normal,https://img.pokemondb.net/sprites/sun-moon/icon/ambipom.png
425,Drifloon,Ghost,https://img.pokemondb.net/sprites/sun-moon/icon/drifloon.png
426,Drifblim,Ghost,https://img.pokemondb.net/sprites/sun-moon/icon/drifblim.png
427,Buneary,Normal,https://img.pokemondb.net/sprites/sun-moon/icon/buneary.png
428,Lopunny,Normal,https://img.pokemondb.net/sprites/sun-moon/icon/lopunny.png
428,Lopunny,Normal,https://img.pokemondb.net/sprites/sun-moon/icon/lopunny-mega.png
429,Mismagius,Ghost,https://img.pokemondb.net/sprites/sun-moon/icon/mismagius.png
430,Honchkrow,Dark,https://img.pokemondb.net/sprites/sun-moon/icon/honchkrow.png
431,Glameow,Normal,https://img.pokemondb.net/sprites/sun-moon/icon/glameow.png
432,Purugly,Normal,https://img.pokemondb.net/sprites/sun-moon/icon/purugly.png
433,Chingling,Psychic,https://img.pokemondb.net/sprites/sun-moon/icon/chingling.png
434,Stunky,Poison,https://img.pokemondb.net/sprites/sun-moon/icon/stunky.png
435,Skuntank,Poison,https://img.pokemondb.net/sprites/sun-moon/icon/skuntank.png
436,Bronzor,Steel,https://img.pokemondb.net/sprites/sun-moon/icon/bronzor.png
437,Bronzong,Steel,https://img.pokemondb.net/sprites/sun-moon/icon/bronzong.png
438,Bonsly,Rock,https://img.pokemondb.net/sprites/sun-moon/icon/bonsly.png
439,Mime Jr.,Psychic,https://img.pokemondb.net/sprites/sun-moon/icon/mime-jr.png
440,Happiny,Normal,https://img.pokemondb.net/sprites/sun-moon/icon/happiny.png
441,Chatot,Normal,https://img.pokemondb.net/sprites/sun-moon/icon/chatot.png
442,Spiritomb,Ghost,https://img.pokemondb.net/sprites/sun-moon/icon/spiritomb.png
443,Gible,Dragon,https://img.pokemondb.net/sprites/sun-moon/icon/gible.png
444,Gabite,Dragon,https://img.pokemondb.net/sprites/sun-moon/icon/gabite.png
445,Garchomp,Dragon,https://img.pokemondb.net/sprites/sun-moon/icon/garchomp.png
445,Garchomp,Dragon,https://img.pokemondb.net/sprites/sun-moon/icon/garchomp-mega.png
446,Munchlax,Normal,https://img.pokemondb.net/sprites/sun-moon/icon/munchlax.png
447,Riolu,Fighting,https://img.pokemondb.net/sprites/sun-moon/icon/riolu.png
448,Lucario,Fighting,https://img.pokemondb.net/sprites/sun-moon/icon/lucario.png
448,Lucario,Fighting,https://img.pokemondb.net/sprites/sun-moon/icon/lucario-mega.png
449,Hippopotas,Ground,https://img.pokemondb.net/sprites/sun-moon/icon/hippopotas.png
450,Hippowdon,Ground,https://img.pokemondb.net/sprites/sun-moon/icon/hippowdon.png
451,Skorupi,Poison,https://img.pokemondb.net/sprites/sun-moon/icon/skorupi.png
452,Drapion,Poison,https://img.pokemondb.net/sprites/sun-moon/icon/drapion.png
453,Croagunk,Poison,https://img.pokemondb.net/sprites/sun-moon/icon/croagunk.png
454,Toxicroak,Poison,https://img.pokemondb.net/sprites/sun-moon/icon/toxicroak.png
455,Carnivine,Grass,https://img.pokemondb.net/sprites/sun-moon/icon/carnivine.png
456,Finneon,Water,https://img.pokemondb.net/sprites/sun-moon/icon/finneon.png
457,Lumineon,Water,https://img.pokemondb.net/sprites/sun-moon/icon/lumineon.png
458,Mantyke,Water,https://img.pokemondb.net/sprites/sun-moon/icon/mantyke.png
459,Snover,Grass,https://img.pokemondb.net/sprites/sun-moon/icon/snover.png
460,Abomasnow,Grass,https://img.pokemondb.net/sprites/sun-moon/icon/abomasnow.png
460,Abomasnow,Grass,https://img.pokemondb.net/sprites/sun-moon/icon/abomasnow-mega.png
461,Weavile,Dark,https://img.pokemondb.net/sprites/sun-moon/icon/weavile.png
462,Magnezone,Electric,https://img.pokemondb.net/sprites/sun-moon/icon/magnezone.png
463,Lickilicky,Normal,https://img.pokemondb.net/sprites/sun-moon/icon/lickilicky.png
464,Rhyperior,Ground,https://img.pokemondb.net/sprites/sun-moon/icon/rhyperior.png
465,Tangrowth,Grass,https://img.pokemondb.net/sprites/sun-moon/icon/tangrowth.png
466,Electivire,Electric,https://img.pokemondb.net/sprites/sun-moon/icon/electivire.png
467,Magmortar,Fire,https://img.pokemondb.net/sprites/sun-moon/icon/magmortar.png
468,Togekiss,Fairy,https://img.pokemondb.net/sprites/sun-moon/icon/togekiss.png
469,Yanmega,Bug,https://img.pokemondb.net/sprites/sun-moon/icon/yanmega.png
470,Leafeon,Grass,https://img.pokemondb.net/sprites/sun-moon/icon/leafeon.png
471,Glaceon,Ice,https://img.pokemondb.net/sprites/sun-moon/icon/glaceon.png
472,Gliscor,Ground,https://img.pokemondb.net/sprites/sun-moon/icon/gliscor.png
473,Mamoswine,Ice,https://img.pokemondb.net/sprites/sun-moon/icon/mamoswine.png
474,Porygon-Z,Normal,https://img.pokemondb.net/sprites/sun-moon/icon/porygon-z.png
475,Gallade,Psychic,https://img.pokemondb.net/sprites/sun-moon/icon/gallade.png
475,Gallade,Psychic,https://img.pokemondb.net/sprites/sun-moon/icon/gallade-mega.png
476,Probopass,Rock,https://img.pokemondb.net/sprites/sun-moon/icon/probopass.png
477,Dusknoir,Ghost,https://img.pokemondb.net/sprites/sun-moon/icon/dusknoir.png
478,Froslass,Ice,https://img.pokemondb.net/sprites/sun-moon/icon/froslass.png
479,Rotom,Electric,https://img.pokemondb.net/sprites/sun-moon/icon/rotom.png
479,Rotom,Electric,https://img.pokemondb.net/sprites/sun-moon/icon/rotom-heat.png
479,Rotom,Electric,https://img.pokemondb.net/sprites/sun-moon/icon/rotom-wash.png
479,Rotom,Electric,https://img.pokemondb.net/sprites/sun-moon/icon/rotom-frost.png
479,Rotom,Electric,https://img.pokemondb.net/sprites/sun-moon/icon/rotom-fan.png
479,Rotom,Electric,https://img.pokemondb.net/sprites/sun-moon/icon/rotom-mow.png
480,Uxie,Psychic,https://img.pokemondb.net/sprites/sun-moon/icon/uxie.png
481,Mesprit,Psychic,https://img.pokemondb.net/sprites/sun-moon/icon/mesprit.png
482,Azelf,Psychic,https://img.pokemondb.net/sprites/sun-moon/icon/azelf.png
483,Dialga,Steel,https://img.pokemondb.net/sprites/sun-moon/icon/dialga.png
484,Palkia,Water,https://img.pokemondb.net/sprites/sun-moon/icon/palkia.png
485,Heatran,Fire,https://img.pokemondb.net/sprites/sun-moon/icon/heatran.png
486,Regigigas,Normal,https://img.pokemondb.net/sprites/sun-moon/icon/regigigas.png
487,Giratina,Ghost,https://img.pokemondb.net/sprites/sun-moon/icon/giratina-altered.png
487,Giratina,Ghost,https://img.pokemondb.net/sprites/sun-moon/icon/giratina-origin.png
488,Cresselia,Psychic,https://img.pokemondb.net/sprites/sun-moon/icon/cresselia.png
489,Phione,Water,https://img.pokemondb.net/sprites/sun-moon/icon/phione.png
490,Manaphy,Water,https://img.pokemondb.net/sprites/sun-moon/icon/manaphy.png
491,Darkrai,Dark,https://img.pokemondb.net/sprites/sun-moon/icon/darkrai.png
492,Shaymin,Grass,https://img.pokemondb.net/sprites/sun-moon/icon/shaymin-land.png
492,Shaymin,Grass,https://img.pokemondb.net/sprites/sun-moon/icon/shaymin-sky.png
493,Arceus,Normal,https://img.pokemondb.net/sprites/sun-moon/icon/arceus.png
494,Victini,Psychic,https://img.pokemondb.net/sprites/sun-moon/icon/victini.png
495,Snivy,Grass,https://img.pokemondb.net/sprites/sun-moon/icon/snivy.png
496,Servine,Grass,https://img.pokemondb.net/sprites/sun-moon/icon/servine.png
497,Serperior,Grass,https://img.pokemondb.net/sprites/sun-moon/icon/serperior.png
498,Tepig,Fire,https://img.pokemondb.net/sprites/sun-moon/icon/tepig.png
499,Pignite,Fire,https://img.pokemondb.net/sprites/sun-moon/icon/pignite.png
500,Emboar,Fire,https://img.pokemondb.net/sprites/sun-moon/icon/emboar.png
501,Oshawott,Water,https://img.pokemondb.net/sprites/sun-moon/icon/oshawott.png
502,Dewott,Water,https://img.pokemondb.net/sprites/sun-moon/icon/dewott.png
503,Samurott,Water,https://img.pokemondb.net/sprites/sun-moon/icon/samurott.png
504,Patrat,Normal,https://img.pokemondb.net/sprites/sun-moon/icon/patrat.png
505,Watchog,Normal,https://img.pokemondb.net/sprites/sun-moon/icon/watchog.png
506,Lillipup,Normal,https://img.pokemondb.net/sprites/sun-moon/icon/lillipup.png
507,Herdier,Normal,https://img.pokemondb.net/sprites/sun-moon/icon/herdier.png
508,Stoutland,Normal,https://img.pokemondb.net/sprites/sun-moon/icon/stoutland.png
509,Purrloin,Dark,https://img.pokemondb.net/sprites/sun-moon/icon/purrloin.png
510,Liepard,Dark,https://img.pokemondb.net/sprites/sun-moon/icon/liepard.png
511,Pansage,Grass,https://img.pokemondb.net/sprites/sun-moon/icon/pansage.png
512,Simisage,Grass,https://img.pokemondb.net/sprites/sun-moon/icon/simisage.png
513,Pansear,Fire,https://img.pokemondb.net/sprites/sun-moon/icon/pansear.png
514,Simisear,Fire,https://img.pokemondb.net/sprites/sun-moon/icon/simisear.png
515,Panpour,Water,https://img.pokemondb.net/sprites/sun-moon/icon/panpour.png
516,Simipour,Water,https://img.pokemondb.net/sprites/sun-moon/icon/simipour.png
517,Munna,Psychic,https://img.pokemondb.net/sprites/sun-moon/icon/munna.png
518,Musharna,Psychic,https://img.pokemondb.net/sprites/sun-moon/icon/musharna.png
519,Pidove,Normal,https://img.pokemondb.net/sprites/sun-moon/icon/pidove.png
520,Tranquill,Normal,https://img.pokemondb.net/sprites/sun-moon/icon/tranquill.png
521,Unfezant,Normal,https://img.pokemondb.net/sprites/sun-moon/icon/unfezant.png
522,Blitzle,Electric,https://img.pokemondb.net/sprites/sun-moon/icon/blitzle.png
523,Zebstrika,Electric,https://img.pokemondb.net/sprites/sun-moon/icon/zebstrika.png
524,Roggenrola,Rock,https://img.pokemondb.net/sprites/sun-moon/icon/roggenrola.png
525,Boldore,Rock,https://img.pokemondb.net/sprites/sun-moon/icon/boldore.png
526,Gigalith,Rock,https://img.pokemondb.net/sprites/sun-moon/icon/gigalith.png
527,Woobat,Psychic,https://img.pokemondb.net/sprites/sun-moon/icon/woobat.png
528,Swoobat,Psychic,https://img.pokemondb.net/sprites/sun-moon/icon/swoobat.png
529,Drilbur,Ground,https://img.pokemondb.net/sprites/sun-moon/icon/drilbur.png
530,Excadrill,Ground,https://img.pokemondb.net/sprites/sun-moon/icon/excadrill.png
531,Audino,Normal,https://img.pokemondb.net/sprites/sun-moon/icon/audino.png
531,Audino,Normal,https://img.pokemondb.net/sprites/sun-moon/icon/audino-mega.png
532,Timburr,Fighting,https://img.pokemondb.net/sprites/sun-moon/icon/timburr.png
533,Gurdurr,Fighting,https://img.pokemondb.net/sprites/sun-moon/icon/gurdurr.png
534,Conkeldurr,Fighting,https://img.pokemondb.net/sprites/sun-moon/icon/conkeldurr.png
535,Tympole,Water,https://img.pokemondb.net/sprites/sun-moon/icon/tympole.png
536,Palpitoad,Water,https://img.pokemondb.net/sprites/sun-moon/icon/palpitoad.png
537,Seismitoad,Water,https://img.pokemondb.net/sprites/sun-moon/icon/seismitoad.png
538,Throh,Fighting,https://img.pokemondb.net/sprites/sun-moon/icon/throh.png
539,Sawk,Fighting,https://img.pokemondb.net/sprites/sun-moon/icon/sawk.png
540,Sewaddle,Bug,https://img.pokemondb.net/sprites/sun-moon/icon/sewaddle.png
541,Swadloon,Bug,https://img.pokemondb.net/sprites/sun-moon/icon/swadloon.png
542,Leavanny,Bug,https://img.pokemondb.net/sprites/sun-moon/icon/leavanny.png
543,Venipede,Bug,https://img.pokemondb.net/sprites/sun-moon/icon/venipede.png
544,Whirlipede,Bug,https://img.pokemondb.net/sprites/sun-moon/icon/whirlipede.png
545,Scolipede,Bug,https://img.pokemondb.net/sprites/sun-moon/icon/scolipede.png
546,Cottonee,Grass,https://img.pokemondb.net/sprites/sun-moon/icon/cottonee.png
547,Whimsicott,Grass,https://img.pokemondb.net/sprites/sun-moon/icon/whimsicott.png
548,Petilil,Grass,https://img.pokemondb.net/sprites/sun-moon/icon/petilil.png
549,Lilligant,Grass,https://img.pokemondb.net/sprites/sun-moon/icon/lilligant.png
550,Basculin,Water,https://img.pokemondb.net/sprites/sun-moon/icon/basculin-red-striped.png
550,Basculin,Water,https://img.pokemondb.net/sprites/sun-moon/icon/basculin-blue-striped.png
551,Sandile,Ground,https://img.pokemondb.net/sprites/sun-moon/icon/sandile.png
552,Krokorok,Ground,https://img.pokemondb.net/sprites/sun-moon/icon/krokorok.png
553,Krookodile,Ground,https://img.pokemondb.net/sprites/sun-moon/icon/krookodile.png
554,Darumaka,Fire,https://img.pokemondb.net/sprites/sun-moon/icon/darumaka.png
555,Darmanitan,Fire,https://img.pokemondb.net/sprites/sun-moon/icon/darmanitan-standard.png
555,Darmanitan,Fire,https://img.pokemondb.net/sprites/sun-moon/icon/darmanitan-zen.png
556,Maractus,Grass,https://img.pokemondb.net/sprites/sun-moon/icon/maractus.png
557,Dwebble,Bug,https://img.pokemondb.net/sprites/sun-moon/icon/dwebble.png
558,Crustle,Bug,https://img.pokemondb.net/sprites/sun-moon/icon/crustle.png
559,Scraggy,Dark,https://img.pokemondb.net/sprites/sun-moon/icon/scraggy.png
560,Scrafty,Dark,https://img.pokemondb.net/sprites/sun-moon/icon/scrafty.png
561,Sigilyph,Psychic,https://img.pokemondb.net/sprites/sun-moon/icon/sigilyph.png
562,Yamask,Ghost,https://img.pokemondb.net/sprites/sun-moon/icon/yamask.png
563,Cofagrigus,Ghost,https://img.pokemondb.net/sprites/sun-moon/icon/cofagrigus.png
564,Tirtouga,Water,https://img.pokemondb.net/sprites/sun-moon/icon/tirtouga.png
565,Carracosta,Water,https://img.pokemondb.net/sprites/sun-moon/icon/carracosta.png
566,Archen,Rock,https://img.pokemondb.net/sprites/sun-moon/icon/archen.png
567,Archeops,Rock,https://img.pokemondb.net/sprites/sun-moon/icon/archeops.png
568,Trubbish,Poison,https://img.pokemondb.net/sprites/sun-moon/icon/trubbish.png
569,Garbodor,Poison,https://img.pokemondb.net/sprites/sun-moon/icon/garbodor.png
570,Zorua,Dark,https://img.pokemondb.net/sprites/sun-moon/icon/zorua.png
571,Zoroark,Dark,https://img.pokemondb.net/sprites/sun-moon/icon/zoroark.png
572,Minccino,Normal,https://img.pokemondb.net/sprites/sun-moon/icon/minccino.png
573,Cinccino,Normal,https://img.pokemondb.net/sprites/sun-moon/icon/cinccino.png
574,Gothita,Psychic,https://img.pokemondb.net/sprites/sun-moon/icon/gothita.png
575,Gothorita,Psychic,https://img.pokemondb.net/sprites/sun-moon/icon/gothorita.png
576,Gothitelle,Psychic,https://img.pokemondb.net/sprites/sun-moon/icon/gothitelle.png
577,Solosis,Psychic,https://img.pokemondb.net/sprites/sun-moon/icon/solosis.png
578,Duosion,Psychic,https://img.pokemondb.net/sprites/sun-moon/icon/duosion.png
579,Reuniclus,Psychic,https://img.pokemondb.net/sprites/sun-moon/icon/reuniclus.png
580,Ducklett,Water,https://img.pokemondb.net/sprites/sun-moon/icon/ducklett.png
581,Swanna,Water,https://img.pokemondb.net/sprites/sun-moon/icon/swanna.png
582,Vanillite,Ice,https://img.pokemondb.net/sprites/sun-moon/icon/vanillite.png
583,Vanillish,Ice,https://img.pokemondb.net/sprites/sun-moon/icon/vanillish.png
584,Vanilluxe,Ice,https://img.pokemondb.net/sprites/sun-moon/icon/vanilluxe.png
585,Deerling,Normal,https://img.pokemondb.net/sprites/sun-moon/icon/deerling.png
586,Sawsbuck,Normal,https://img.pokemondb.net/sprites/sun-moon/icon/sawsbuck.png
587,Emolga,Electric,https://img.pokemondb.net/sprites/sun-moon/icon/emolga.png
588,Karrablast,Bug,https://img.pokemondb.net/sprites/sun-moon/icon/karrablast.png
589,Escavalier,Bug,https://img.pokemondb.net/sprites/sun-moon/icon/escavalier.png
590,Foongus,Grass,https://img.pokemondb.net/sprites/sun-moon/icon/foongus.png
591,Amoonguss,Grass,https://img.pokemondb.net/sprites/sun-moon/icon/amoonguss.png
592,Frillish,Water,https://img.pokemondb.net/sprites/sun-moon/icon/frillish.png
593,Jellicent,Water,https://img.pokemondb.net/sprites/sun-moon/icon/jellicent.png
594,Alomomola,Water,https://img.pokemondb.net/sprites/sun-moon/icon/alomomola.png
595,Joltik,Bug,https://img.pokemondb.net/sprites/sun-moon/icon/joltik.png
596,Galvantula,Bug,https://img.pokemondb.net/sprites/sun-moon/icon/galvantula.png
597,Ferroseed,Grass,https://img.pokemondb.net/sprites/sun-moon/icon/ferroseed.png
598,Ferrothorn,Grass,https://img.pokemondb.net/sprites/sun-moon/icon/ferrothorn.png
599,Klink,Steel,https://img.pokemondb.net/sprites/sun-moon/icon/klink.png
600,Klang,Steel,https://img.pokemondb.net/sprites/sun-moon/icon/klang.png
601,Klinklang,Steel,https://img.pokemondb.net/sprites/sun-moon/icon/klinklang.png
602,Tynamo,Electric,https://img.pokemondb.net/sprites/sun-moon/icon/tynamo.png
603,Eelektrik,Electric,https://img.pokemondb.net/sprites/sun-moon/icon/eelektrik.png
604,Eelektross,Electric,https://img.pokemondb.net/sprites/sun-moon/icon/eelektross.png
605,Elgyem,Psychic,https://img.pokemondb.net/sprites/sun-moon/icon/elgyem.png
606,Beheeyem,Psychic,https://img.pokemondb.net/sprites/sun-moon/icon/beheeyem.png
607,Litwick,Ghost,https://img.pokemondb.net/sprites/sun-moon/icon/litwick.png
608,Lampent,Ghost,https://img.pokemondb.net/sprites/sun-moon/icon/lampent.png
609,Chandelure,Ghost,https://img.pokemondb.net/sprites/sun-moon/icon/chandelure.png
610,Axew,Dragon,https://img.pokemondb.net/sprites/sun-moon/icon/axew.png
611,Fraxure,Dragon,https://img.pokemondb.net/sprites/sun-moon/icon/fraxure.png
612,Haxorus,Dragon,https://img.pokemondb.net/sprites/sun-moon/icon/haxorus.png
613,Cubchoo,Ice,https://img.pokemondb.net/sprites/sun-moon/icon/cubchoo.png
614,Beartic,Ice,https://img.pokemondb.net/sprites/sun-moon/icon/beartic.png
615,Cryogonal,Ice,https://img.pokemondb.net/sprites/sun-moon/icon/cryogonal.png
616,Shelmet,Bug,https://img.pokemondb.net/sprites/sun-moon/icon/shelmet.png
617,Accelgor,Bug,https://img.pokemondb.net/sprites/sun-moon/icon/accelgor.png
618,Stunfisk,Ground,https://img.pokemondb.net/sprites/sun-moon/icon/stunfisk.png
619,Mienfoo,Fighting,https://img.pokemondb.net/sprites/sun-moon/icon/mienfoo.png
620,Mienshao,Fighting,https://img.pokemondb.net/sprites/sun-moon/icon/mienshao.png
621,Druddigon,Dragon,https://img.pokemondb.net/sprites/sun-moon/icon/druddigon.png
622,Golett,Ground,https://img.pokemondb.net/sprites/sun-moon/icon/golett.png
623,Golurk,Ground,https://img.pokemondb.net/sprites/sun-moon/icon/golurk.png
624,Pawniard,Dark,https://img.pokemondb.net/sprites/sun-moon/icon/pawniard.png
625,Bisharp,Dark,https://img.pokemondb.net/sprites/sun-moon/icon/bisharp.png
626,Bouffalant,Normal,https://img.pokemondb.net/sprites/sun-moon/icon/bouffalant.png
627,Rufflet,Normal,https://img.pokemondb.net/sprites/sun-moon/icon/rufflet.png
628,Braviary,Normal,https://img.pokemondb.net/sprites/sun-moon/icon/braviary.png
629,Vullaby,Dark,https://img.pokemondb.net/sprites/sun-moon/icon/vullaby.png
630,Mandibuzz,Dark,https://img.pokemondb.net/sprites/sun-moon/icon/mandibuzz.png
631,Heatmor,Fire,https://img.pokemondb.net/sprites/sun-moon/icon/heatmor.png
632,Durant,Bug,https://img.pokemondb.net/sprites/sun-moon/icon/durant.png
633,Deino,Dark,https://img.pokemondb.net/sprites/sun-moon/icon/deino.png
634,Zweilous,Dark,https://img.pokemondb.net/sprites/sun-moon/icon/zweilous.png
635,Hydreigon,Dark,https://img.pokemondb.net/sprites/sun-moon/icon/hydreigon.png
636,Larvesta,Bug,https://img.pokemondb.net/sprites/sun-moon/icon/larvesta.png
637,Volcarona,Bug,https://img.pokemondb.net/sprites/sun-moon/icon/volcarona.png
638,Cobalion,Steel,https://img.pokemondb.net/sprites/sun-moon/icon/cobalion.png
639,Terrakion,Rock,https://img.pokemondb.net/sprites/sun-moon/icon/terrakion.png
640,Virizion,Grass,https://img.pokemondb.net/sprites/sun-moon/icon/virizion.png
641,Tornadus,Flying,https://img.pokemondb.net/sprites/sun-moon/icon/tornadus-incarnate.png
641,Tornadus,Flying,https://img.pokemondb.net/sprites/sun-moon/icon/tornadus-therian.png
642,Thundurus,Electric,https://img.pokemondb.net/sprites/sun-moon/icon/thundurus-incarnate.png
642,Thundurus,Electric,https://img.pokemondb.net/sprites/sun-moon/icon/thundurus-therian.png
643,Reshiram,Dragon,https://img.pokemondb.net/sprites/sun-moon/icon/reshiram.png
644,Zekrom,Dragon,https://img.pokemondb.net/sprites/sun-moon/icon/zekrom.png
645,Landorus,Ground,https://img.pokemondb.net/sprites/sun-moon/icon/landorus-incarnate.png
645,Landorus,Ground,https://img.pokemondb.net/sprites/sun-moon/icon/landorus-therian.png
646,Kyurem,Dragon,https://img.pokemondb.net/sprites/sun-moon/icon/kyurem.png
646,Kyurem,Dragon,https://img.pokemondb.net/sprites/sun-moon/icon/kyurem-black.png
646,Kyurem,Dragon,https://img.pokemondb.net/sprites/sun-moon/icon/kyurem-white.png
647,Keldeo,Water,https://img.pokemondb.net/sprites/sun-moon/icon/keldeo-ordinary.png
647,Keldeo,Water,https://img.pokemondb.net/sprites/sun-moon/icon/keldeo-resolute.png
648,Meloetta,Normal,https://img.pokemondb.net/sprites/sun-moon/icon/meloetta-aria.png
648,Meloetta,Normal,https://img.pokemondb.net/sprites/sun-moon/icon/meloetta-pirouette.png
649,Genesect,Bug,https://img.pokemondb.net/sprites/sun-moon/icon/genesect.png
650,Chespin,Grass,https://img.pokemondb.net/sprites/sun-moon/icon/chespin.png
651,Quilladin,Grass,https://img.pokemondb.net/sprites/sun-moon/icon/quilladin.png
652,Chesnaught,Grass,https://img.pokemondb.net/sprites/sun-moon/icon/chesnaught.png
653,Fennekin,Fire,https://img.pokemondb.net/sprites/sun-moon/icon/fennekin.png
654,Braixen,Fire,https://img.pokemondb.net/sprites/sun-moon/icon/braixen.png
655,Delphox,Fire,https://img.pokemondb.net/sprites/sun-moon/icon/delphox.png
656,Froakie,Water,https://img.pokemondb.net/sprites/sun-moon/icon/froakie.png
657,Frogadier,Water,https://img.pokemondb.net/sprites/sun-moon/icon/frogadier.png
658,Greninja,Water,https://img.pokemondb.net/sprites/sun-moon/icon/greninja.png
658,Greninja,Water,https://img.pokemondb.net/sprites/sun-moon/icon/greninja-ash.png
659,Bunnelby,Normal,https://img.pokemondb.net/sprites/sun-moon/icon/bunnelby.png
660,Diggersby,Normal,https://img.pokemondb.net/sprites/sun-moon/icon/diggersby.png
661,Fletchling,Normal,https://img.pokemondb.net/sprites/sun-moon/icon/fletchling.png
662,Fletchinder,Fire,https://img.pokemondb.net/sprites/sun-moon/icon/fletchinder.png
663,Talonflame,Fire,https://img.pokemondb.net/sprites/sun-moon/icon/talonflame.png
664,Scatterbug,Bug,https://img.pokemondb.net/sprites/sun-moon/icon/scatterbug.png
665,Spewpa,Bug,https://img.pokemondb.net/sprites/sun-moon/icon/spewpa.png
666,Vivillon,Bug,https://img.pokemondb.net/sprites/sun-moon/icon/vivillon.png
667,Litleo,Fire,https://img.pokemondb.net/sprites/sun-moon/icon/litleo.png
668,Pyroar,Fire,https://img.pokemondb.net/sprites/sun-moon/icon/pyroar.png
669,Flabébé,Fairy,https://img.pokemondb.net/sprites/sun-moon/icon/flabebe.png
670,Floette,Fairy,https://img.pokemondb.net/sprites/sun-moon/icon/floette.png
671,Florges,Fairy,https://img.pokemondb.net/sprites/sun-moon/icon/florges.png
672,Skiddo,Grass,https://img.pokemondb.net/sprites/sun-moon/icon/skiddo.png
673,Gogoat,Grass,https://img.pokemondb.net/sprites/sun-moon/icon/gogoat.png
674,Pancham,Fighting,https://img.pokemondb.net/sprites/sun-moon/icon/pancham.png
675,Pangoro,Fighting,https://img.pokemondb.net/sprites/sun-moon/icon/pangoro.png
676,Furfrou,Normal,https://img.pokemondb.net/sprites/sun-moon/icon/furfrou.png
677,Espurr,Psychic,https://img.pokemondb.net/sprites/sun-moon/icon/espurr.png
678,Meowstic,Psychic,https://img.pokemondb.net/sprites/sun-moon/icon/meowstic-male.png
678,Meowstic,Psychic,https://img.pokemondb.net/sprites/sun-moon/icon/meowstic-female.png
679,Honedge,Steel,https://img.pokemondb.net/sprites/sun-moon/icon/honedge.png
680,Doublade,Steel,https://img.pokemondb.net/sprites/sun-moon/icon/doublade.png
681,Aegislash,Steel,https://img.pokemondb.net/sprites/sun-moon/icon/aegislash-blade.png
681,Aegislash,Steel,https://img.pokemondb.net/sprites/sun-moon/icon/aegislash-shield.png
682,Spritzee,Fairy,https://img.pokemondb.net/sprites/sun-moon/icon/spritzee.png
683,Aromatisse,Fairy,https://img.pokemondb.net/sprites/sun-moon/icon/aromatisse.png
684,Swirlix,Fairy,https://img.pokemondb.net/sprites/sun-moon/icon/swirlix.png
685,Slurpuff,Fairy,https://img.pokemondb.net/sprites/sun-moon/icon/slurpuff.png
686,Inkay,Dark,https://img.pokemondb.net/sprites/sun-moon/icon/inkay.png
687,Malamar,Dark,https://img.pokemondb.net/sprites/sun-moon/icon/malamar.png
688,Binacle,Rock,https://img.pokemondb.net/sprites/sun-moon/icon/binacle.png
689,Barbaracle,Rock,https://img.pokemondb.net/sprites/sun-moon/icon/barbaracle.png
690,Skrelp,Poison,https://img.pokemondb.net/sprites/sun-moon/icon/skrelp.png
691,Dragalge,Poison,https://img.pokemondb.net/sprites/sun-moon/icon/dragalge.png
692,Clauncher,Water,https://img.pokemondb.net/sprites/sun-moon/icon/clauncher.png
693,Clawitzer,Water,https://img.pokemondb.net/sprites/sun-moon/icon/clawitzer.png
694,Helioptile,Electric,https://img.pokemondb.net/sprites/sun-moon/icon/helioptile.png
695,Heliolisk,Electric,https://img.pokemondb.net/sprites/sun-moon/icon/heliolisk.png
696,Tyrunt,Rock,https://img.pokemondb.net/sprites/sun-moon/icon/tyrunt.png
697,Tyrantrum,Rock,https://img.pokemondb.net/sprites/sun-moon/icon/tyrantrum.png
698,Amaura,Rock,https://img.pokemondb.net/sprites/sun-moon/icon/amaura.png
699,Aurorus,Rock,https://img.pokemondb.net/sprites/sun-moon/icon/aurorus.png
700,Sylveon,Fairy,https://img.pokemondb.net/sprites/sun-moon/icon/sylveon.png
701,Hawlucha,Fighting,https://img.pokemondb.net/sprites/sun-moon/icon/hawlucha.png
702,Dedenne,Electric,https://img.pokemondb.net/sprites/sun-moon/icon/dedenne.png
703,Carbink,Rock,https://img.pokemondb.net/sprites/sun-moon/icon/carbink.png
704,Goomy,Dragon,https://img.pokemondb.net/sprites/sun-moon/icon/goomy.png
705,Sliggoo,Dragon,https://img.pokemondb.net/sprites/sun-moon/icon/sliggoo.png
706,Goodra,Dragon,https://img.pokemondb.net/sprites/sun-moon/icon/goodra.png
707,Klefki,Steel,https://img.pokemondb.net/sprites/sun-moon/icon/klefki.png
708,Phantump,Ghost,https://img.pokemondb.net/sprites/sun-moon/icon/phantump.png
709,Trevenant,Ghost,https://img.pokemondb.net/sprites/sun-moon/icon/trevenant.png
710,Pumpkaboo,Ghost,https://img.pokemondb.net/sprites/sun-moon/icon/pumpkaboo-average.png
710,Pumpkaboo,Ghost,https://img.pokemondb.net/sprites/sun-moon/icon/pumpkaboo-small.png
710,Pumpkaboo,Ghost,https://img.pokemondb.net/sprites/sun-moon/icon/pumpkaboo-large.png
710,Pumpkaboo,Ghost,https://img.pokemondb.net/sprites/sun-moon/icon/pumpkaboo-super.png
711,Gourgeist,Ghost,https://img.pokemondb.net/sprites/sun-moon/icon/gourgeist-average.png
711,Gourgeist,Ghost,https://img.pokemondb.net/sprites/sun-moon/icon/gourgeist-small.png
711,Gourgeist,Ghost,https://img.pokemondb.net/sprites/sun-moon/icon/gourgeist-large.png
711,Gourgeist,Ghost,https://img.pokemondb.net/sprites/sun-moon/icon/gourgeist-super.png
712,Bergmite,Ice,https://img.pokemondb.net/sprites/sun-moon/icon/bergmite.png
713,Avalugg,Ice,https://img.pokemondb.net/sprites/sun-moon/icon/avalugg.png
714,Noibat,Flying,https://img.pokemondb.net/sprites/sun-moon/icon/noibat.png
715,Noivern,Flying,https://img.pokemondb.net/sprites/sun-moon/icon/noivern.png
716,Xerneas,Fairy,https://img.pokemondb.net/sprites/sun-moon/icon/xerneas.png
717,Yveltal,Dark,https://img.pokemondb.net/sprites/sun-moon/icon/yveltal.png
718,Zygarde,Dragon,https://img.pokemondb.net/sprites/sun-moon/icon/zygarde-50.png
718,Zygarde,Dragon,https://img.pokemondb.net/sprites/sun-moon/icon/zygarde-10.png
718,Zygarde,Dragon,https://img.pokemondb.net/sprites/sun-moon/icon/zygarde-complete.png
719,Diancie,Rock,https://img.pokemondb.net/sprites/sun-moon/icon/diancie.png
719,Diancie,Rock,https://img.pokemondb.net/sprites/sun-moon/icon/diancie-mega.png
720,Hoopa,Psychic,https://img.pokemondb.net/sprites/sun-moon/icon/hoopa-confined.png
720,Hoopa,Psychic,https://img.pokemondb.net/sprites/sun-moon/icon/hoopa-unbound.png
721,Volcanion,Fire,https://img.pokemondb.net/sprites/sun-moon/icon/volcanion.png
722,Rowlet,Grass,https://img.pokemondb.net/sprites/sun-moon/icon/rowlet.png
723,Dartrix,Grass,https://img.pokemondb.net/sprites/sun-moon/icon/dartrix.png
724,Decidueye,Grass,https://img.pokemondb.net/sprites/sun-moon/icon/decidueye.png
725,Litten,Fire,https://img.pokemondb.net/sprites/sun-moon/icon/litten.png
726,Torracat,Fire,https://img.pokemondb.net/sprites/sun-moon/icon/torracat.png
727,Incineroar,Fire,https://img.pokemondb.net/sprites/sun-moon/icon/incineroar.png
728,Popplio,Water,https://img.pokemondb.net/sprites/sun-moon/icon/popplio.png
729,Brionne,Water,https://img.pokemondb.net/sprites/sun-moon/icon/brionne.png
730,Primarina,Water,https://img.pokemondb.net/sprites/sun-moon/icon/primarina.png
731,Pikipek,Normal,https://img.pokemondb.net/sprites/sun-moon/icon/pikipek.png
732,Trumbeak,Normal,https://img.pokemondb.net/sprites/sun-moon/icon/trumbeak.png
733,Toucannon,Normal,https://img.pokemondb.net/sprites/sun-moon/icon/toucannon.png
734,Yungoos,Normal,https://img.pokemondb.net/sprites/sun-moon/icon/yungoos.png
735,Gumshoos,Normal,https://img.pokemondb.net/sprites/sun-moon/icon/gumshoos.png
736,Grubbin,Bug,https://img.pokemondb.net/sprites/sun-moon/icon/grubbin.png
737,Charjabug,Bug,https://img.pokemondb.net/sprites/sun-moon/icon/charjabug.png
738,Vikavolt,Bug,https://img.pokemondb.net/sprites/sun-moon/icon/vikavolt.png
739,Crabrawler,Fighting,https://img.pokemondb.net/sprites/sun-moon/icon/crabrawler.png
740,Crabominable,Fighting,https://img.pokemondb.net/sprites/sun-moon/icon/crabominable.png
741,Oricorio,Fire,https://img.pokemondb.net/sprites/sun-moon/icon/oricorio-baile.png
741,Oricorio,Electric,https://img.pokemondb.net/sprites/sun-moon/icon/oricorio-pom-pom.png
741,Oricorio,Psychic,https://img.pokemondb.net/sprites/sun-moon/icon/oricorio-pau.png
741,Oricorio,Ghost,https://img.pokemondb.net/sprites/sun-moon/icon/oricorio-sensu.png
742,Cutiefly,Bug,https://img.pokemondb.net/sprites/sun-moon/icon/cutiefly.png
743,Ribombee,Bug,https://img.pokemondb.net/sprites/sun-moon/icon/ribombee.png
744,Rockruff,Rock,https://img.pokemondb.net/sprites/sun-moon/icon/rockruff.png
744,Rockruff,Rock,https://img.pokemondb.net/sprites/sun-moon/icon/rockruff-own-tempo.png
745,Lycanroc,Rock,https://img.pokemondb.net/sprites/sun-moon/icon/lycanroc-midday.png
745,Lycanroc,Rock,https://img.pokemondb.net/sprites/sun-moon/icon/lycanroc-midnight.png
745,Lycanroc,Rock,https://img.pokemondb.net/sprites/sun-moon/icon/lycanroc-dusk.png
746,Wishiwashi,Water,https://img.pokemondb.net/sprites/sun-moon/icon/wishiwashi-solo.png
746,Wishiwashi,Water,https://img.pokemondb.net/sprites/sun-moon/icon/wishiwashi-school.png
747,Mareanie,Poison,https://img.pokemondb.net/sprites/sun-moon/icon/mareanie.png
748,Toxapex,Poison,https://img.pokemondb.net/sprites/sun-moon/icon/toxapex.png
749,Mudbray,Ground,https://img.pokemondb.net/sprites/sun-moon/icon/mudbray.png
750,Mudsdale,Ground,https://img.pokemondb.net/sprites/sun-moon/icon/mudsdale.png
751,Dewpider,Water,https://img.pokemondb.net/sprites/sun-moon/icon/dewpider.png
752,Araquanid,Water,https://img.pokemondb.net/sprites/sun-moon/icon/araquanid.png
753,Fomantis,Grass,https://img.pokemondb.net/sprites/sun-moon/icon/fomantis.png
754,Lurantis,Grass,https://img.pokemondb.net/sprites/sun-moon/icon/lurantis.png
755,Morelull,Grass,https://img.pokemondb.net/sprites/sun-moon/icon/morelull.png
756,Shiinotic,Grass,https://img.pokemondb.net/sprites/sun-moon/icon/shiinotic.png
757,Salandit,Poison,https://img.pokemondb.net/sprites/sun-moon/icon/salandit.png
758,Salazzle,Poison,https://img.pokemondb.net/sprites/sun-moon/icon/salazzle.png
759,Stufful,Normal,https://img.pokemondb.net/sprites/sun-moon/icon/stufful.png
760,Bewear,Normal,https://img.pokemondb.net/sprites/sun-moon/icon/bewear.png
761,Bounsweet,Grass,https://img.pokemondb.net/sprites/sun-moon/icon/bounsweet.png
762,Steenee,Grass,https://img.pokemondb.net/sprites/sun-moon/icon/steenee.png
763,Tsareena,Grass,https://img.pokemondb.net/sprites/sun-moon/icon/tsareena.png
764,Comfey,Fairy,https://img.pokemondb.net/sprites/sun-moon/icon/comfey.png
765,Oranguru,Normal,https://img.pokemondb.net/sprites/sun-moon/icon/oranguru.png
766,Passimian,Fighting,https://img.pokemondb.net/sprites/sun-moon/icon/passimian.png
767,Wimpod,Bug,https://img.pokemondb.net/sprites/sun-moon/icon/wimpod.png
768,Golisopod,Bug,https://img.pokemondb.net/sprites/sun-moon/icon/golisopod.png
769,Sandygast,Ghost,https://img.pokemondb.net/sprites/sun-moon/icon/sandygast.png
770,Palossand,Ghost,https://img.pokemondb.net/sprites/sun-moon/icon/palossand.png
771,Pyukumuku,Water,https://img.pokemondb.net/sprites/sun-moon/icon/pyukumuku.png
772,Type: Null,Normal,https://img.pokemondb.net/sprites/sun-moon/icon/type-null.png
773,Silvally,Normal,https://img.pokemondb.net/sprites/sun-moon/icon/silvally.png
774,Minior,Rock,https://img.pokemondb.net/sprites/sun-moon/icon/minior-meteor.png
774,Minior,Rock,https://img.pokemondb.net/sprites/sun-moon/icon/minior-core.png
775,Komala,Normal,https://img.pokemondb.net/sprites/sun-moon/icon/komala.png
776,Turtonator,Fire,https://img.pokemondb.net/sprites/sun-moon/icon/turtonator.png
777,Togedemaru,Electric,https://img.pokemondb.net/sprites/sun-moon/icon/togedemaru.png
778,Mimikyu,Ghost,https://img.pokemondb.net/sprites/sun-moon/icon/mimikyu.png
779,Bruxish,Water,https://img.pokemondb.net/sprites/sun-moon/icon/bruxish.png
780,Drampa,Normal,https://img.pokemondb.net/sprites/sun-moon/icon/drampa.png
781,Dhelmise,Ghost,https://img.pokemondb.net/sprites/sun-moon/icon/dhelmise.png
782,Jangmo-o,Dragon,https://img.pokemondb.net/sprites/sun-moon/icon/jangmo-o.png
783,Hakamo-o,Dragon,https://img.pokemondb.net/sprites/sun-moon/icon/hakamo-o.png
784,Kommo-o,Dragon,https://img.pokemondb.net/sprites/sun-moon/icon/kommo-o.png
785,Tapu Koko,Electric,https://img.pokemondb.net/sprites/sun-moon/icon/tapu-koko.png
786,Tapu Lele,Psychic,https://img.pokemondb.net/sprites/sun-moon/icon/tapu-lele.png
787,Tapu Bulu,Grass,https://img.pokemondb.net/sprites/sun-moon/icon/tapu-bulu.png
788,Tapu Fini,Water,https://img.pokemondb.net/sprites/sun-moon/icon/tapu-fini.png
789,Cosmog,Psychic,https://img.pokemondb.net/sprites/sun-moon/icon/cosmog.png
790,Cosmoem,Psychic,https://img.pokemondb.net/sprites/sun-moon/icon/cosmoem.png
791,Solgaleo,Psychic,https://img.pokemondb.net/sprites/sun-moon/icon/solgaleo.png
792,Lunala,Psychic,https://img.pokemondb.net/sprites/sun-moon/icon/lunala.png
793,Nihilego,Rock,https://img.pokemondb.net/sprites/sun-moon/icon/nihilego.png
794,Buzzwole,Bug,https://img.pokemondb.net/sprites/sun-moon/icon/buzzwole.png
795,Pheromosa,Bug,https://img.pokemondb.net/sprites/sun-moon/icon/pheromosa.png
796,Xurkitree,Electric,https://img.pokemondb.net/sprites/sun-moon/icon/xurkitree.png
797,Celesteela,Steel,https://img.pokemondb.net/sprites/sun-moon/icon/celesteela.png
798,Kartana,Grass,https://img.pokemondb.net/sprites/sun-moon/icon/kartana.png
799,Guzzlord,Dark,https://img.pokemondb.net/sprites/sun-moon/icon/guzzlord.png
800,Necrozma,Psychic,https://img.pokemondb.net/sprites/sun-moon/icon/necrozma.png
800,Necrozma,Psychic,https://img.pokemondb.net/sprites/sun-moon/icon/necrozma-dusk-mane.png
800,Necrozma,Psychic,https://img.pokemondb.net/sprites/sun-moon/icon/necrozma-dawn-wings.png
800,Necrozma,Psychic,https://img.pokemondb.net/sprites/sun-moon/icon/necrozma-ultra.png
801,Magearna,Steel,https://img.pokemondb.net/sprites/sun-moon/icon/magearna.png
802,Marshadow,Fighting,https://img.pokemondb.net/sprites/sun-moon/icon/marshadow.png
803,Poipole,Poison,https://img.pokemondb.net/sprites/sun-moon/icon/poipole.png
804,Naganadel,Poison,https://img.pokemondb.net/sprites/sun-moon/icon/naganadel.png
805,Stakataka,Rock,https://img.pokemondb.net/sprites/sun-moon/icon/stakataka.png
806,Blacephalon,Fire,https://img.pokemondb.net/sprites/sun-moon/icon/blacephalon.png
807,Zeraora,Electric,https://img.pokemondb.net/sprites/sun-moon/icon/zeraora.png
808,Meltan,Steel,https://img.pokemondb.net/sprites/sun-moon/icon/meltan.png
809,Melmetal,Steel,https://img.pokemondb.net/sprites/sun-moon/icon/melmetal.png
